isic_id,source,label,mask_quality,unet_sam_dice,half
ISIC_5780775,UFES,1.0,review,0.5390167145268978,report
ISIC_1473845,MILK,0.0,fail,0.0,report
ISIC_0712625,UFES,0.0,review,0.581081776542638,tune
ISIC_0140176,MILK,0.0,fail,0.2333702492379149,report
ISIC_7016980,MILK,1.0,fail,0.0261774655217278,tune
ISIC_2823934,MILK,0.0,fail,0.1025683650569362,report
ISIC_3211369,MILK,1.0,review,0.5970980052822245,tune
ISIC_7679690,UFES,0.0,review,0.6393310349886305,tune
ISIC_1672301,MILK,0.0,ok,0.8809241400649785,tune
ISIC_8231201,MILK,0.0,ok,0.9011834319526628,tune
ISIC_8785987,MILK,0.0,ok,0.7761384480421086,tune
ISIC_4572206,MILK,1.0,review,0.5893307196863624,tune
ISIC_1004187,UFES,1.0,review,0.5303045283765078,report
ISIC_5701696,MILK,0.0,review,0.7314444848044558,report
ISIC_0349790,UFES,1.0,fail,0.1771620281970767,tune
ISIC_7996471,MILK,0.0,ok,0.8760149048833105,tune
ISIC_4566168,UFES,0.0,review,0.7220944243619235,tune
ISIC_5439130,UFES,1.0,review,0.7299720058929121,report
ISIC_9726099,MILK,0.0,ok,0.8888144675150703,tune
ISIC_5817638,MILK,0.0,review,0.6289698714724299,report
ISIC_9570817,UFES,0.0,ok,0.8001226868418362,report
ISIC_3978370,UFES,1.0,fail,0.4368782633580573,tune
ISIC_8231148,MILK,1.0,review,0.5931972789115646,tune
ISIC_2546414,MILK,1.0,fail,0.2620167488814959,tune
ISIC_2291720,UFES,0.0,ok,0.9399905142406972,report
ISIC_0396597,MILK,1.0,ok,0.836003879728419,report
ISIC_7992749,MILK,1.0,fail,0.0094155663268148,tune
ISIC_5468767,UFES,1.0,fail,0.1090555014605647,tune
ISIC_9039481,MILK,1.0,ok,0.8221875885519977,report
ISIC_1872202,UFES,0.0,review,0.6705531544208798,tune
ISIC_9256840,MILK,1.0,ok,0.804883055741833,report
ISIC_3469093,MILK,0.0,fail,0.0914911691242662,report
ISIC_9433066,UFES,0.0,fail,0.4315948293438812,report
ISIC_9103398,MILK,1.0,review,0.5776279755635138,tune
ISIC_2376903,UFES,0.0,fail,0.2109826105876249,report
ISIC_6289625,MILK,1.0,ok,0.9649496876519658,report
ISIC_7824821,UFES,1.0,ok,0.7644784703574625,tune
ISIC_7967917,UFES,0.0,ok,0.8949248074633755,report
ISIC_6705014,MILK,0.0,review,0.6361829025844931,report
ISIC_5695123,MILK,0.0,ok,0.8279569892473119,tune
ISIC_4857675,MILK,0.0,fail,0.0,report
ISIC_6158597,MILK,1.0,review,0.6256936033574627,tune
ISIC_5333979,MILK,1.0,ok,0.8419943820224719,report
ISIC_2553766,UFES,0.0,fail,0.0,report
ISIC_4171190,MILK,0.0,review,0.5028745884045596,report
ISIC_3970730,MILK,0.0,review,0.7442088845242909,report
ISIC_9185713,UFES,1.0,review,0.6682167499584799,report
ISIC_8878792,MILK,0.0,review,0.5244013718888644,report
ISIC_8953012,UFES,1.0,ok,0.804215838305254,tune
ISIC_1166255,MILK,1.0,ok,0.8006883287782164,report
ISIC_3233781,MILK,1.0,review,0.5408622384862317,tune
ISIC_9546201,MILK,1.0,ok,0.8324220776629285,report
ISIC_0801041,MILK,1.0,ok,0.9291687619899052,report
ISIC_8744831,MILK,1.0,fail,0.0176467397527768,tune
ISIC_5076582,MILK,0.0,ok,0.9136968656075568,tune
ISIC_4345192,UFES,0.0,review,0.7167796774685581,tune
ISIC_3012180,MILK,0.0,ok,0.8472715531159186,tune
ISIC_5848192,UFES,1.0,ok,0.8186696365293106,tune
ISIC_6327820,MILK,1.0,review,0.7480867532800597,tune
ISIC_7404732,UFES,0.0,fail,0.4238580348340453,report
ISIC_6233913,UFES,1.0,ok,0.8733734103363219,tune
ISIC_8365738,UFES,0.0,fail,0.4272009133260905,report
ISIC_8114381,MILK,1.0,fail,0.2136501506494553,tune
ISIC_7566277,MILK,0.0,fail,0.0096914052537617,report
ISIC_2123542,MILK,1.0,fail,0.2123515773203119,tune
ISIC_3949263,UFES,0.0,ok,0.8894529383659818,report
ISIC_4257125,MILK,1.0,fail,0.0996898537882144,tune
ISIC_3144493,UFES,1.0,ok,0.863217793006394,tune
ISIC_7912616,UFES,0.0,ok,0.913845376452754,report
ISIC_9741124,UFES,0.0,fail,0.4915544027499798,report
ISIC_2266322,UFES,1.0,review,0.5440290111691455,report
ISIC_5729101,MILK,0.0,fail,0.0,report
ISIC_8648585,UFES,1.0,ok,0.8664175147092246,tune
ISIC_7808824,MILK,1.0,fail,0.1634871829717838,tune
ISIC_6347135,UFES,1.0,fail,0.0411291924388531,tune
ISIC_3019661,UFES,0.0,ok,0.9443163896639571,report
ISIC_7713933,UFES,1.0,review,0.6024497607655502,report
ISIC_7928247,MILK,1.0,review,0.5465290245362059,tune
ISIC_2056739,UFES,1.0,fail,0.2128797842223757,tune
ISIC_6841626,UFES,0.0,ok,0.9395426981335152,report
ISIC_3449063,UFES,0.0,ok,0.8409860745201355,report
ISIC_8206505,UFES,0.0,review,0.7212724002686949,tune
ISIC_4895877,MILK,0.0,fail,0.0157803624089845,report
ISIC_9392128,MILK,0.0,review,0.7335169880624426,report
ISIC_3931844,MILK,1.0,ok,0.8694324961842653,report
ISIC_2840695,MILK,1.0,fail,0.3692965271593945,tune
ISIC_7926021,MILK,0.0,review,0.5002871912693854,report
ISIC_6713938,MILK,0.0,ok,0.9212045025998514,tune
ISIC_6364449,MILK,0.0,review,0.7178005543063327,report
ISIC_4983906,UFES,0.0,fail,0.440698331919706,report
ISIC_6137918,UFES,0.0,fail,0.0901674190740328,report
ISIC_6107065,UFES,0.0,review,0.6009416024852582,tune
ISIC_3732363,UFES,1.0,fail,0.0565894514192139,tune
ISIC_8760603,UFES,0.0,review,0.503868280894863,tune
ISIC_5959720,MILK,1.0,review,0.5301076424755432,tune
ISIC_6155829,UFES,1.0,ok,0.8791176556862516,tune
ISIC_0214387,UFES,1.0,review,0.6072109692834233,report
ISIC_2873569,MILK,0.0,ok,0.8555286521388217,tune
ISIC_4611267,UFES,1.0,fail,0.0362009687052977,tune
ISIC_7106496,MILK,0.0,fail,0.2983362938130144,report
